ID,Predicted_cc_cons
19427,53544.87
16150,42837.78
11749,63603.6
11635,39886.12
8908,45426.99
6324,68036.06
538,41609.53
7908,71762.03
18674,92820.13
19381,38795.93
5598,87041.26
4924,77742.55
4154,94429.26
13570,50823.0
2203,67890.36
15095,82155.99
11974,40114.28
6036,80582.56
17416,69541.89
11158,105840.29
4426,90737.67
19816,85567.82
9506,63304.99
10927,56161.72
13046,55047.67
11811,54528.81
16016,105754.21
5537,75636.09
18898,45711.85
7311,69561.6
7138,60077.31
15984,79734.02
12054,70287.7
14239,13503.79
13501,60730.08
14836,50416.15
975,73729.13
8078,57813.1
3778,69648.04
16809,66888.8
5354,82241.76
14341,21471.3
10962,63470.65
14410,68564.48
10375,99472.66
3549,31781.92
4312,64376.07
5356,52270.51
6690,37192.92
17877,103347.52
12436,54329.69
19367,47858.35
7637,41936.16
5453,48513.14
11575,22648.54
2195,60082.22
13949,86181.47
16442,54975.15
17342,25935.68
2159,36192.51
15029,61497.49
618,48688.08
5126,69642.78
773,90136.03
10147,57987.2
1212,73342.94
7387,63889.56
4113,69343.0
14259,88956.63
7764,57105.71
16654,51501.97
15228,85095.51
19609,59550.75
2113,80704.72
17441,38380.28
10551,53445.55
17795,75084.16
12942,41130.57
149,65880.99
17680,39490.8
15402,44405.98
8723,68167.6
16532,42047.05
11859,52810.54
5390,68348.96
903,81665.73
8766,37216.53
3246,57524.94
16165,66579.5
5379,47987.13
6303,89809.93
6314,61265.4
19698,96239.05
15884,25070.86
6279,79529.55
12588,77282.28
8646,97659.98
16199,39096.62
3089,67115.47
12984,50437.07
7684,73299.21
3187,55668.24
5898,89990.29
9347,80086.57
14555,86417.88
9054,36827.52
12512,63871.24
14224,67246.3
18740,50856.44
18134,87893.28
12413,71745.51
17591,29368.6
13541,46435.34
13431,22927.9
8687,83214.83
14727,53847.37
14988,43420.87
14859,52018.32
16636,45406.76
7625,25625.44
16492,72621.98
13674,49443.53
11981,49947.33
5185,69803.48
15288,80449.85
18526,80198.11
16760,55781.35
10805,55939.81
8830,30330.6
8926,68701.66
10974,70042.56
2155,58751.25
17251,76597.59
12154,74958.18
12227,57719.24
19961,80588.63
13866,56432.26
17498,56978.4
7241,86995.77
414,83412.13
206,50960.61
7420,44245.08
4601,118542.02
2768,59467.11
8120,46849.73
18584,62118.58
16697,89808.0
16238,67530.32
3772,35657.31
3462,83976.81
710,55463.5
558,74030.76
1244,61382.28
1302,63174.12
547,37449.62
19129,37993.52
237,46513.53
11122,60156.09
4438,64629.81
18371,35740.73
6401,68578.52
13770,53078.24
18317,79444.57
19226,72019.86
4126,61504.19
11313,52416.6
3925,78529.87
15973,44160.39
12281,51260.02
353,44430.92
907,86512.69
1711,37407.9
9617,35469.65
12928,59544.12
3523,38585.98
18838,83924.83
17609,69025.97
306,82642.01
14812,64485.34
1551,52776.22
16640,42106.59
13546,56471.22
4968,63023.16
13371,42242.08
3981,58184.45
11568,73281.67
5662,74120.28
19586,62841.69
14489,29320.39
14153,101520.26
7626,83385.45
3085,73248.92
14821,25878.45
9815,72012.09
6506,91901.19
6176,105730.1
13040,68482.17
1325,76924.36
330,54362.27
2389,37848.81
10391,39903.1
1019,88675.93
4338,47308.08
19849,67255.01
13667,50196.43
12709,106435.54
12701,60751.74
18563,38713.12
19665,65874.48
5251,112102.25
6671,50801.86
15887,75718.27
544,50527.79
13494,79486.06
4304,52473.9
12181,33759.6
15041,50765.7
14167,32884.26
4659,61385.35
1820,80025.51
6317,41752.7
313,60587.33
12467,54713.83
13452,87711.8
3464,83579.06
4890,84135.91
11567,61251.27
17396,24878.68
13188,24442.48
15605,74993.03
7577,21588.32
8160,59357.86
1429,54526.99
14928,40212.78
3349,45512.1
799,27324.95
12678,38124.65
19053,57019.02
15806,44718.59
2854,74206.17
4144,42526.57
16232,53289.57
10365,68044.49
4202,54786.86
9671,44324.65
6615,88176.79
12050,42049.81
13998,59213.71
7406,43132.18
12497,76007.05
4662,50481.22
3661,46577.61
17436,72396.75
2332,87141.21
16771,54531.21
17110,62819.35
15967,61244.21
5758,71396.17
2882,47643.09
10774,36030.17
7750,59362.5
16516,41497.86
3670,67611.59
15883,67449.4
2947,42420.52
13476,46888.92
13301,37980.36
6468,26397.36
15135,87480.1
16278,80783.83
12114,68780.89
3839,46901.45
2886,42645.29
11928,115053.25
15155,94517.16
4316,51175.0
7299,60075.77
1306,53842.11
19221,73241.4
7039,65233.05
11499,43808.98
1312,27791.93
2124,30459.02
1907,51813.28
16979,75146.89
6629,43373.09
5295,39809.62
11961,95199.1
11653,113969.15
2822,56426.47
9335,62646.13
742,62953.02
8080,56994.35
12707,65742.48
3559,39744.09
4455,65520.77
16907,47780.75
6453,74610.99
1108,59633.55
280,43556.78
16566,73639.0
17535,58086.33
15464,51903.25
936,25031.76
17214,29682.52
6182,56196.92
14305,35376.98
11840,64274.89
7534,34287.21
3025,48831.28
6393,40970.52
13441,113930.8
18252,42273.31
11194,38766.11
15711,66688.12
5219,35739.61
16914,77078.06
10003,62869.1
12338,98944.3
3813,90787.88
15088,73550.18
10155,92494.78
1466,72421.31
15472,48346.65
17157,55344.0
18166,52085.5
15940,85786.42
16627,84241.95
10125,103651.96
16485,76222.0
683,65318.99
6119,65306.57
4454,49414.97
9712,69086.02
4120,46229.26
15722,31507.59
6352,76818.51
17883,77169.96
18204,60430.44
9971,55135.13
9023,67632.0
13472,109670.68
18393,56154.48
1916,33097.61
2114,56134.01
15098,45742.6
16002,44507.28
14466,77720.81
5230,90140.14
7591,80558.34
11578,69799.37
3258,89797.65
12283,49863.57
17355,33304.98
6557,36607.61
1523,61545.87
579,55436.93
11196,35055.15
4925,60635.49
10260,46365.04
16414,47914.13
9575,55148.36
4517,55678.24
5120,43762.14
624,109325.83
19457,56627.88
18888,48822.37
2356,60370.9
4545,84191.47
18014,85589.99
13964,43983.04
6774,45587.3
12210,31130.36
7735,74644.34
12253,45790.1
968,71462.93
19474,50351.92
10090,47838.9
9695,72185.27
6057,59069.96
11620,64442.3
19105,62534.84
18161,51771.56
16983,71221.28
16846,67290.04
12641,78783.52
12194,58381.5
3182,41365.14
697,100208.98
16666,74686.9
10809,36176.1
16899,48732.91
1473,70771.56
11504,67798.81
7004,62613.65
12782,45085.8
3142,58407.62
15486,39666.02
10817,49283.73
755,77929.31
3527,94182.47
18375,56487.83
1146,89156.1
3290,33083.64
5630,69930.34
13114,60872.6
17944,67468.81
6621,59279.81
8012,34168.03
5782,27612.38
2840,96347.97
4245,102151.53
14833,53347.43
3884,42815.63
9209,34046.8
17550,49035.81
1191,57817.82
16498,34538.06
11748,87222.68
16053,27538.75
18527,55321.73
11548,23146.41
11074,54838.8
9104,62733.65
8083,66304.13
11425,53899.44
3247,56266.33
7233,59196.74
13650,53972.3
11762,59359.95
9216,61056.7
2398,78222.4
7321,69801.42
19222,54949.31
9225,67773.86
18451,86061.88
2529,54862.88
8266,45892.16
15901,51729.13
9070,30266.12
15808,99273.02
12019,99325.19
19750,41781.41
2532,44843.1
5234,38047.07
10409,71558.49
12698,43105.9
15412,28542.19
19217,59800.55
19907,46126.79
833,50560.05
17121,108834.73
1966,71122.27
7703,70366.32
520,62732.72
3739,59753.63
18300,44830.93
9834,83916.4
1992,50111.97
16462,45812.0
14735,59202.4
9481,47160.7
6989,42845.83
19741,49572.31
5767,46948.62
17583,85381.84
930,56637.44
1774,82352.53
13003,81613.62
1780,48095.88
5582,65376.44
19569,36371.2
3723,76121.26
3866,78336.91
7168,38343.98
19793,84283.15
5951,40829.13
5641,78098.57
6583,73510.6
18998,61742.26
8236,98064.84
19610,56490.84
5238,70074.57
5335,42452.68
19316,46439.75
9585,60273.85
14363,85688.43
6578,38785.5
15395,75606.77
1819,51641.36
18381,70209.51
3880,43313.02
9098,87607.5
17890,41133.42
7861,96743.55
5490,62106.96
12309,101061.81
1833,70988.27
17881,85183.63
13165,83641.69
8610,110510.16
13363,49116.27
4975,28203.02
12351,51262.95
273,30719.26
8975,30618.75
18951,39518.71
15165,85329.91
5178,75345.7
6044,77472.54
19386,53305.58
1635,83199.97
2814,84371.54
6974,27591.17
18536,55038.96
11636,37222.85
7414,103893.44
11880,58410.41
15503,39706.37
983,89526.5
18110,72561.19
7084,83553.41
14005,61752.73
19111,74851.76
18532,68829.63
18394,80854.34
10851,37683.54
4544,32594.89
6236,28198.53
15497,57990.15
19864,56669.73
15670,76021.9
8118,38264.7
7289,58223.03
13788,44471.96
5588,46341.62
5110,78990.88
10620,51705.61
1156,49188.24
18398,44486.96
7134,79432.05
7676,72133.8
9409,83593.6
17713,70317.24
3435,55244.11
14394,44047.98
117,87582.86
18541,73221.29
17575,90176.12
8351,57136.5
7216,52992.34
8736,66771.49
1989,41006.75
19666,78311.28
3908,75876.98
14375,55074.43
7794,40407.62
7232,93423.82
2836,35477.25
15954,51507.72
3354,59871.3
3368,72928.5
9219,89728.02
8658,57014.14
3809,111841.32
5129,49711.97
4874,106208.75
8758,71048.37
16293,53735.67
8150,17781.56
4272,40579.25
15938,67222.34
9893,29945.69
1299,52063.51
7239,36559.62
8253,87640.54
19340,49297.26
18530,92845.79
14903,64102.51
14454,77493.85
12353,60598.18
14431,91658.05
17602,62834.91
15036,91864.48
8921,115345.7
11059,55925.44
18577,75429.2
14565,39334.44
4955,59666.55
3535,55056.6
2024,63539.7
17666,51405.13
6295,111090.09
7085,63840.75
1389,46116.89
3659,99426.57
15509,59691.96
16938,43740.83
15432,34569.82
12074,34583.2
15777,116239.88
19953,83264.79
1709,80298.12
10048,67447.79
11839,71391.93
701,116244.11
7271,72600.29
10196,53670.35
2901,50279.24
198,80345.69
3877,61970.07
15160,55031.77
17634,65243.31
16927,124404.87
15162,83025.66
8443,86921.21
1716,79425.92
7870,67106.67
4318,61803.46
11351,66907.53
15465,52862.4
18121,112599.6
6602,78961.79
4331,86011.37
6592,39997.43
18955,52861.66
2510,50260.54
4009,103036.24
15468,71240.78
7251,66355.0
7463,30214.97
16325,48120.26
14882,73449.09
3610,55033.6
19097,90535.09
9378,47918.02
16582,39992.73
16761,64826.37
12055,52001.08
1226,68886.65
7344,45873.99
16365,63713.93
223,81506.0
15934,66488.68
11882,69961.01
7083,56252.34
14196,69193.53
1599,64529.3
5976,92044.65
5611,42046.8
12565,51303.22
1339,102524.79
16772,68315.65
11827,75261.32
18484,90703.1
3033,91358.12
14726,82096.64
13696,56584.37
16295,76279.91
7910,40646.84
1868,40954.34
3190,52385.66
549,80945.08
8940,39815.96
214,68397.52
3587,42187.82
11555,82011.03
19231,105027.14
8248,26066.68
355,106246.56
15634,53453.33
6746,40370.73
2963,64019.23
2082,83520.68
16784,54637.46
10436,74057.41
5114,74955.73
14525,38813.73
4534,69960.64
8877,64792.06
12117,59490.77
2682,99882.06
7948,39438.41
112,43897.13
2220,57583.44
606,58166.66
11552,38186.53
942,71100.58
555,78405.24
3394,48368.24
7916,32814.82
13261,59619.53
9592,43393.51
5694,85145.25
7570,40563.17
15543,65513.68
5834,81270.68
3362,63099.95
5741,83167.18
11060,59418.57
24,71369.34
14942,66309.43
8277,82551.73
4596,68984.14
396,62406.16
3213,38545.15
14447,70135.46
14106,57885.43
5940,67943.09
19543,67611.56
10215,57730.42
16348,119221.82
2111,29045.95
7973,34399.54
1175,54998.37
1796,58372.77
7425,78484.39
13183,86524.35
471,72818.11
17683,62190.4
4770,29366.26
10199,68577.54
9601,79098.83
19986,89288.15
10411,86201.17
10682,31462.63
12224,54190.29
8319,25810.0
4618,29448.13
7976,82644.69
4340,85601.98
10852,47992.74
4810,64686.97
5049,56008.5
16928,75239.62
4504,75501.91
4327,73362.92
13368,51972.67
5657,78780.89
1007,57226.05
10792,56740.54
18373,68094.68
12313,70603.78
8295,68156.59
15707,41866.44
5504,88062.51
11441,79678.14
10964,61719.06
10850,59186.72
17775,28009.64
17588,47196.28
14495,60275.1
5522,74410.85
14724,63721.57
3653,40354.0
1588,28290.97
7587,78107.48
2381,30362.05
2879,60999.78
11660,68844.62
11681,43682.74
6929,50983.1
17457,54390.26
10894,52914.97
4822,74623.57
1647,66351.38
15006,88146.5
19487,63252.18
12585,57414.04
17909,84306.69
7793,61401.76
4997,89214.7
4763,56727.53
11444,73115.14
1627,101199.32
10371,41554.9
18564,73279.77
4093,69930.25
6978,36117.3
12945,70151.88
3539,109449.22
10628,51787.79
11767,95199.22
13601,63217.84
2245,36132.82
14887,43379.09
4278,94455.3
9950,40285.81
3204,31021.83
16690,45499.22
2416,91114.43
19947,74738.78
17029,67006.57
14802,58003.37
4571,50271.92
2165,55652.08
14756,64697.36
17443,62811.88
12952,85301.96
16486,58441.56
3597,53601.99
1319,60246.75
2645,76442.95
18246,75965.17
17179,65483.26
8259,56546.29
2410,65509.81
16128,84478.46
2694,107443.49
6076,148894.04
11899,43670.18
16987,63814.28
18023,58751.44
3774,60866.49
6848,33948.89
8283,59780.88
18868,64946.75
16132,81666.73
9358,45169.75
10515,61507.59
536,70191.86
2533,59595.84
8756,51657.12
8468,49334.32
19165,89570.17
2818,95521.2
15919,61292.51
12633,57962.66
9901,79305.76
3422,75711.2
17028,59596.41
16513,77420.18
8666,32508.74
13659,54885.61
19319,58272.8
5897,29478.1
13079,30335.35
4884,73406.82
11678,86666.36
3708,58704.87
17810,51065.36
12258,75041.09
11047,67171.3
6014,64016.72
516,65366.68
13560,53189.11
17168,91988.78
18286,62513.17
2058,41702.38
2542,63572.0
19016,67257.56
7302,54187.98
19732,87804.82
12284,70436.9
6820,68163.22
17953,77656.9
17263,50167.34
4713,60326.84
12816,67914.14
13464,77239.81
1223,62214.48
13706,52223.53
9512,47470.59
14862,42185.52
12056,26325.2
3783,41277.64
4793,55765.33
4205,101438.22
8823,72622.8
14191,86455.17
15643,43125.15
9554,46687.45
12239,90090.23
2786,29066.38
15274,67555.6
537,58974.61
13445,83512.87
2634,57331.11
17840,38677.05
12118,70588.55
12312,60262.48
2052,82031.76
6709,28275.64
16546,87903.15
12124,56034.11
923,69102.45
4148,74068.1
7264,73282.51
15214,58924.99
18504,84555.98
9475,49756.52
12432,41351.6
18524,83554.0
18255,94880.43
8654,88344.58
5876,60512.0
4055,101798.29
3906,44471.03
4875,81436.56
1773,76437.15
5520,62687.22
14021,52445.09
2216,54006.66
16529,33931.01
18553,73754.47
18753,71374.9
5548,65623.48
9435,54394.04
17907,99708.42
2808,68002.82
11816,75348.74
9060,27297.71
5775,37761.42
17694,46693.39
3976,47850.34
17781,75859.23
8893,70973.98
5116,96875.9
13033,64586.66
17649,69158.12
16358,42460.91
17172,56270.81
3140,74730.56
19312,105615.03
1188,97845.33
13244,63686.16
2458,93473.48
17483,83668.26
14793,77622.6
2279,78872.77
7675,77611.82
7409,58701.73
19974,70987.47
15518,62757.61
15473,67728.68
16214,61527.0
17398,57496.43
1391,94391.51
18026,63827.36
16381,65702.37
5905,42286.59
18424,55755.77
16578,62343.44
2315,102580.33
3303,98919.11
5633,55996.37
14610,62956.98
4749,45611.88
12238,38570.39
16125,48897.19
1374,73741.96
17058,35648.52
16495,59064.18
16340,81653.64
13974,60330.07
16180,57697.46
19733,76310.77
10112,52972.56
16557,61167.28
12028,109143.83
18047,46133.76
12496,38857.32
11661,102274.96
12783,34348.59
7065,30596.54
19005,61586.42
15781,62250.86
13208,72821.11
14926,50922.66
19730,42386.43
19067,71185.52
321,67534.61
19587,56989.7
1721,43483.81
5511,44881.27
8899,54776.74
17717,68828.25
897,44744.22
14045,88302.87
1404,65313.56
8999,34830.97
8036,76912.55
9388,51563.0
1180,53668.31
8958,50193.46
6065,23937.17
9479,51578.74
5873,118521.36
8796,61560.21
8601,29828.53
18825,58632.95
5933,75543.38
6462,45942.85
16286,63586.62
14994,53961.39
15364,109525.26
9427,61707.14
8115,51589.18
15421,56080.48
11865,76675.29
13162,73340.82
8185,94896.55
18432,55948.58
6564,65257.47
17979,73720.6
14379,66605.73
1158,57497.73
8493,32778.67
7967,101560.62
8761,48149.29
5813,85829.9
6104,89617.38
3469,52799.64
16073,34806.2
11942,59372.53
12303,49892.18
8607,60567.85
19370,76480.32
11871,38659.71
10737,68870.95
782,48045.33
14214,108580.01
14248,104595.66
17,124914.39
1358,75176.72
2858,17428.75
6727,47790.71
18860,98031.35
12474,118639.77
13172,119135.44
11993,83874.9
9841,67101.72
18116,112548.69
7050,85752.34
849,83235.43
9622,42157.38
13661,40906.86
8308,73688.36
5053,101821.42
732,95874.64
13818,58652.56
17792,55033.39
3602,63390.7
16332,71889.83
16785,54045.77
7752,50502.22
12761,44420.71
12475,55754.84
5724,59766.53
3924,56832.83
16200,70384.07
14987,95514.54
3923,70788.17
5468,116827.12
6386,89044.86
10497,47692.98
4901,57783.31
1410,28020.33
1957,73098.44
1159,50557.38
12822,62975.32
15586,98064.51
16948,140846.03
15156,101080.47
15582,34791.45
4754,75097.83
15571,104013.35
3898,50802.51
19171,67771.69
13211,28745.03
943,43281.38
16015,49800.14
5706,45123.51
8059,95570.39
7404,46390.32
15613,53502.96
4797,54058.82
619,70825.16
15075,64604.45
6951,81232.36
9505,70108.42
9471,94026.09
16889,54381.45
6251,97198.38
10677,67978.55
4287,58789.1
4317,108212.56
6195,74834.3
19473,87803.45
5682,108694.37
9687,48335.38
18261,60685.73
16860,47892.82
9249,61230.11
18523,51255.2
7325,72061.37
6844,99501.83
6549,50570.1
11540,65402.55
19906,77806.57
7586,67416.5
11119,48640.24
7018,75052.5
16966,40347.95
11528,61221.16
13920,72733.14
8420,47133.12
9751,72595.47
13013,68896.87
17787,44658.94
9699,36103.85
8149,68573.65
18519,29846.86
10369,59518.25
19200,57711.1
17917,55875.55
7400,47431.79
17218,48938.3
17488,39062.59
7069,57441.54
6049,163189.32
2343,66248.11
159,82183.41
568,67542.63
14913,50455.85
6902,54542.46
374,107385.63
15207,60997.62
15291,99602.62
18535,51231.45
19593,78539.12
9270,63574.55
2335,115241.94
1701,28047.61
14703,41739.91
1083,46950.41
11843,36156.16
16175,57954.82
16971,76500.14
19680,122042.88
11522,47529.2
14250,41177.51
9786,34292.7
5886,63485.84
18598,87284.12
19194,49627.6
17798,49416.99
7941,54087.22
12639,57799.56
16805,85120.56
3225,25684.8
10870,66369.22
5562,35989.24
15204,91163.74
15020,54809.01
1970,81113.52
4349,44877.11
13870,30425.6
15455,42309.75
11727,42132.29
18604,35198.54
7373,48496.01
2310,80871.27
9764,51943.41
7747,71973.42
6520,61747.49
7697,73394.17
15573,32465.53
19192,78737.04
17984,41310.55
14285,70281.44
2908,34887.59
12662,39413.21
2671,33819.29
8526,31216.81
2787,35340.32
10472,54183.04
7305,207693.78
1756,107082.2
4850,47509.83
19399,63576.33
15163,86231.95
5285,69994.85
5430,62698.01
9400,48101.81
19679,85376.54
5606,74485.72
18671,49444.94
18548,45034.62
9459,69147.48
4881,69133.09
17929,74420.32
18640,95031.77
3831,36602.62
6063,69408.2
8663,38730.91
1201,77000.62
8935,65351.34
19612,43482.91
12208,57973.87
11421,56172.42
18659,67375.62
12027,42027.58
8460,86860.05
1549,46165.08
14354,32030.41
18127,35415.43
18582,74719.26
15964,36476.12
16184,83404.63
15115,65452.39
11431,27570.65
14205,42406.87
17888,33719.64
19384,83920.82
13780,68986.23
8196,46776.64
11174,61496.86
8470,31330.65
19975,88923.32
11270,67019.6
9365,28108.27
3421,63662.83
8140,78979.81
18211,63943.06
4722,97547.51
10017,53567.53
15132,34038.52
6901,25826.83
5691,87922.74
5573,50550.86
7435,85482.36
12152,50345.28
7341,58059.05
18994,49645.07
14584,65419.76
8809,66764.71
580,75712.06
6747,86262.57
14369,89112.07
10555,47129.44
6115,78748.77
14575,54367.12
18533,107890.94
19227,64775.3
746,86976.12
3022,74459.89
12628,42942.27
9754,47089.66
10054,51011.05
8368,88272.98
3812,118521.48
2453,56219.27
5232,48575.22
19645,52775.42
6028,76062.83
4332,58162.77
17532,82937.9
6678,30510.32
19505,68146.51
14775,54932.26
18952,18660.16
14218,58047.95
6001,105798.09
13700,66980.73
1453,56629.17
6235,75889.33
7071,81028.72
19984,57470.95
17924,106703.13
12845,85788.31
4628,60227.83
945,73309.54
14157,23910.13
13618,68154.22
16658,44436.1
5300,51911.4
12449,67807.69
13783,69248.74
9980,93851.87
16845,54771.89
2862,33263.94
3350,62478.72
17429,49619.88
1895,83511.49
11101,60908.68
3963,39869.74
1133,45271.6
13673,73082.81
13489,45341.6
13865,121173.45
15786,99884.86
3985,66603.21
11998,55948.1
10739,58545.42
4702,68187.94
7499,59109.57
8550,87130.79
4776,51269.24
13317,84227.51
2184,49123.13
807,52604.28
7099,84193.04
8973,77515.81
9369,70769.54
16823,108395.77
11525,67341.03
10986,74128.43
2434,49064.62
3108,48631.18
18217,62265.33
10631,72184.91
9141,54935.45
7760,31620.9
10905,66875.7
5890,29822.87
11294,59345.57
19332,65451.25
5426,61423.01
17785,66505.68
11420,56430.01
3049,63276.11
12632,92280.24
19246,63295.23
13271,53547.0
17803,68918.14
17126,92813.5
8698,78423.92
5996,63953.1
11892,51629.59
15263,91913.93
5210,45636.73
12905,89665.21
19208,65880.08
5599,34401.65
13512,82713.47
19511,52024.1
16281,45659.42
2142,29349.43
11034,73729.91
19121,38987.36
7803,66468.13
2236,78348.96
8589,67519.99
14052,65729.17
10440,139833.71
17316,81944.54
1123,92954.56
8102,59119.19
15355,65304.03
252,80640.44
8193,47483.53
15147,57461.16
13263,34224.11
8385,97000.72
13425,23745.97
19762,91684.74
12939,37817.03
16290,48772.9
31,67494.4
14664,54302.4
11006,106150.7
7303,50783.37
2135,77467.75
7946,26980.61
19020,42459.01
977,74134.81
1281,90274.32
6100,59938.34
13110,43987.16
644,70964.94
17424,58427.75
16563,67134.72
17516,93047.93
11881,68922.03
13520,116467.15
15120,58936.6
13448,86054.23
5828,54354.12
8383,58326.63
12324,37291.28
11737,49013.38
3534,48467.25
16464,81369.13
19863,103715.84
16289,40085.65
3396,96247.23
1950,54354.9
18910,79049.37
9694,52408.85
15347,51360.33
13653,92126.98
19422,35875.63
2442,60958.94
3042,29103.97
574,106452.51
1237,75051.16
9161,94090.43
11362,65219.11
174,59980.31
10512,66741.02
2361,84942.57
19553,117368.09
16088,50629.75
15758,65387.98
2754,103704.27
2164,62434.05
622,39678.12
19967,105777.53
14744,60133.46
18723,78518.69
17460,36365.21
5411,91693.17
7708,63961.72
10158,58525.11
7759,20268.69
11960,72478.29
7229,66291.52
17596,40288.03
17875,81927.94
3193,113775.46
1239,50861.8
2446,75357.05
13521,71261.5
1873,36388.0
3300,59243.73
2980,48979.37
2239,83593.95
17467,67054.62
4016,76775.21
18399,69661.45
4460,91275.62
9114,36746.86
5470,67272.51
14819,64768.23
15637,120351.26
4826,64258.41
2021,72034.61
13241,60450.45
13564,78043.3
13724,89956.9
4458,67051.0
3781,72126.34
5570,94657.68
13787,50801.32
16463,67958.6
14589,81828.42
9012,78153.44
7054,55594.81
13281,52122.5
5955,78820.76
11606,42095.03
10045,70137.82
10521,44076.22
5163,56238.71
18356,53560.54
62,99634.85
5702,80407.35
5556,36314.43
5060,122427.1
3987,67724.53
11,91960.48
15148,93329.61
10749,43804.51
8760,48460.45
16457,39323.5
17332,58238.05
7314,33988.19
2484,55060.06
5780,59325.19
13994,54488.08
9190,37301.74
8913,65054.09
2123,53332.53
17169,88025.91
1069,34008.86
19507,76535.36
2517,48562.5
13535,83651.64
11135,87202.29
2158,73709.2
77,61585.57
19243,56633.23
288,58950.14
138,69242.79
490,84162.09
17789,75857.57
12597,48641.24
4387,50729.11
15690,65424.5
11761,35019.79
19177,35382.32
17493,63909.22
17195,42444.48
8002,60707.14
12954,32695.37
7883,47840.25
17414,27563.21
11630,51464.27
11057,44057.71
14179,57021.99
9598,83766.46
4225,40804.94
14235,105915.29
17043,63205.76
18510,97106.5
16974,68267.62
170,97218.63
7860,36843.52
1205,18617.95
16029,65316.26
662,64087.27
10373,58866.81
6365,15346.95
11052,52126.28
3485,58801.24
19396,35080.88
8856,64842.76
4947,49489.24
8748,82013.72
2376,49096.74
2160,21945.73
1259,68233.08
12708,50930.86
14444,54426.84
7220,92150.5
16249,92077.8
15971,48129.53
3519,113211.83
17689,45734.78
12829,63089.22
11243,49422.43
12096,131626.69
19490,63384.96
6408,48702.5
9079,82538.15
8404,22359.36
1013,62974.2
9524,56851.45
12217,54823.19
6216,96054.62
15978,73636.06
9872,43244.49
599,53837.88
19178,59503.12
2679,56045.22
7312,59553.02
11853,70147.95
1607,47492.34
6847,36200.45
4110,51421.76
9315,93916.97
10507,53244.13
16151,24626.67
6162,52215.61
11432,46061.93
10315,64868.71
15575,83032.06
2349,32156.57
1739,55377.26
9520,70776.38
8270,92960.62
15122,77765.5
8222,39301.39
3691,64487.21
1186,54148.09
7007,60771.57
8315,75183.11
16816,78630.29
6865,51373.57
9174,90947.7
7422,45669.76
13715,46174.2
13242,73360.17
7813,81338.37
16683,66791.53
8378,39901.64
9230,66313.33
7830,52004.24
12011,52837.81
6022,46990.45
715,82559.26
6240,110105.1
18022,77712.76
17426,51716.35
18633,83017.16
8442,48881.56
1516,48225.35
8055,59464.53
13157,72450.55
529,91164.05
13500,47953.37
2981,97787.78
8825,69457.84
14190,58241.61
14875,40551.44
15297,44072.99
17006,87658.36
17499,67429.28
15495,64619.43
56,95103.42
10951,91126.77
17807,71184.69
12327,64863.58
13227,44886.63
10921,49483.8
1100,56700.74
14949,76772.29
19898,48633.02
16164,90143.85
373,94739.05
9027,96761.18
834,42005.18
14367,60086.25
19278,54454.05
7936,53392.1
3026,85526.64
14112,34381.31
6450,60213.14
441,62933.57
7767,53442.64
16168,84994.15
1440,42960.35
1282,64499.5
10033,43388.86
8819,49646.12
5963,22492.86
798,90314.73
4718,63987.58
14497,81244.33
9652,54356.55
9132,45587.58
4255,32220.93
18162,97090.46
13810,71566.72
16323,82304.71
19556,78923.01
566,40594.32
16490,86374.7
15807,44450.26
14560,51754.39
12970,31779.85
13554,62740.25
9864,72170.01
3399,31705.31
17702,66696.48
6208,72532.71
7496,35458.21
2443,56713.42
14969,43901.88
15416,79785.48
18618,18794.71
6392,45253.82
19484,77119.16
2305,71828.93
13456,80219.61
4569,94750.13
2318,60813.65
3406,55458.84
16307,63881.0
14333,44970.38
15242,94304.57
928,64277.01
7814,102061.18
5705,74975.95
16573,36879.28
8952,46061.47
18290,33973.79
14933,36045.43
3499,51623.39
12827,96346.59
9916,49043.2
9384,35304.21
7470,114110.58
4086,28663.43
16768,57233.87
13772,47002.01
5374,92870.22
16297,63094.36
9069,58326.64
6970,42255.98
6437,61765.37
13631,43112.87
13217,72652.8
9103,79264.3
19695,80677.66
16906,35988.59
18495,61130.19
7785,34872.85
13385,28207.91
18511,44462.0
10036,80838.35
962,33879.96
15428,51355.18
19723,107746.3
19344,58798.98
11756,109574.26
9284,80287.48
10728,56915.29
7640,80861.91
19339,52684.23
17619,60348.43
12273,42724.72
11908,55080.8
824,85341.15
19383,58598.19
8367,68774.97
4259,63954.08
13719,38053.89
13517,30128.15
15578,51648.66
13086,55225.18
5722,20235.66
980,40074.62
15870,75303.13
13179,45567.77
11210,15691.16
11599,42832.46
7801,40721.0
176,76458.47
9106,84951.23
2383,53853.24
10401,22556.59
8565,51671.77
473,58541.14
19872,78708.24
13930,67762.28
3742,64489.71
17223,37299.84
3075,41088.58
4190,57839.89
7507,80364.83
6039,54685.61
6158,70074.93
12371,55411.09
661,24713.52
15126,41147.79
14443,92049.61
2311,86756.27
12850,65310.48
14700,41306.52
4116,90735.96
12524,41050.78
1844,62654.16
12975,64122.85
9838,45879.18
7846,63100.11
2137,48159.01
6688,59557.95
14620,65456.68
1858,46213.38
17384,52448.83
7080,72506.04
12052,26115.6
2297,69862.6
6302,49539.51
3245,57875.52
13135,58269.23
17044,67628.7
19997,97459.83
1724,68835.15
16565,47015.93
11409,63700.29
9426,84674.39
2931,67092.15
6329,76507.15
18001,84861.89
7540,30195.41
17914,46163.03
15125,62326.07
12231,57261.6
18930,65400.15
16341,56789.11
3638,32512.82
9361,81227.44
1600,42400.11
13613,59189.89
10406,31291.34
5575,37231.83
18036,31366.67
8206,79927.78
13053,17086.31
13260,72030.59
19512,51176.74
256,54879.65
18672,80980.92
14985,52593.83
10632,57728.45
17584,55367.94
17399,87937.88
5103,56379.84
13906,63938.15
17677,81491.57
17305,73291.9
6489,67686.09
12689,71541.66
376,50988.47
16396,55846.51
1560,44680.33
13475,64597.34
6072,44930.21
11799,96608.82
886,75621.24
1629,48948.2
704,55355.93
196,36643.78
10931,59052.04
19098,69647.22
11004,84765.65
16558,52844.86
637,53184.04
10317,50382.36
15869,41263.93
3759,38450.97
13988,45505.37
8393,72142.19
11051,75720.42
10827,49326.29
7888,57067.9
19681,85207.16
686,107458.33
10989,83906.9
13850,67069.43
5012,33440.84
3052,70998.24
1331,87626.44
7267,28784.4
13450,51956.34
8976,50131.41
2292,87675.94
10216,64566.11
16553,56643.71
12182,58445.26
16615,74655.77
10598,39346.75
1347,54660.41
3681,42320.25
16244,61381.43
14061,54841.54
13542,56427.72
961,40854.58
17328,30506.92
14012,110980.16
11288,107684.91
210,54512.31
4031,59377.72
4244,53455.52
17805,32715.0
6409,54898.98
387,51835.18
14348,61553.83
10689,121827.81
1061,85234.17
9577,54943.75
9905,70954.79
14647,83981.12
6707,45862.11
11664,52636.2
586,51758.54
8377,67012.61
8398,67107.72
19245,34253.38
14308,54945.2
3573,45796.16
3657,54386.25
18428,80266.77
7440,40333.94
16503,69954.64
15060,30781.78
11798,78208.61
7336,59195.91
7542,46891.33
185,35929.8
7238,73729.99
2559,49905.56
18502,51343.59
10492,58887.53
9793,75101.73
7181,43253.97
4163,60037.53
1781,88346.94
6881,101830.63
15368,38888.07
15252,49619.81
9806,73465.5
15110,60419.1
14392,33344.17
6554,76219.65
12330,46267.52
19366,69722.08
3616,26128.3
19430,102674.71
14831,64133.0
670,40792.1
16679,84791.93
17509,54119.5
6002,43219.35
18137,32872.69
12047,49263.06
10100,47186.9
6374,43606.5
2990,110779.56
3186,59203.54
8179,40896.38
16262,66687.74
16905,37690.26
12000,96105.8
1832,26397.4
6883,58278.62
17646,107281.8
2427,59422.24
2932,68093.0
12563,59556.22
17886,88115.0
10452,66407.58
3646,23402.82
5011,72287.71
14445,32129.0
8563,39873.86
6069,46992.92
14911,27184.04
12589,45226.77
12349,60440.04
2551,38782.81
15757,68727.22
7012,59495.04
7179,82851.78
11231,53294.06
3810,27965.12
803,66660.47
15657,59065.98
7957,97408.19
19815,47012.33
5947,105166.58
4434,68683.47
6309,49624.64
17543,51007.39
19350,58354.91
12876,47265.33
3476,80215.2
19029,60604.78
7915,107335.02
10609,68362.78
12020,79925.83
3800,73070.32
2234,80210.93
15928,84033.94
8237,53945.7
6843,57563.38
7176,67619.42
16433,33694.19
1294,102745.74
9532,81398.16
5197,28913.11
12235,73454.96
15399,81088.96
4978,76739.46
1547,48271.04
169,88623.77
9169,82969.64
16377,99828.83
12282,112815.03
10869,39003.3
9649,59023.83
2615,87270.41
18815,44016.54
2613,54746.93
395,91069.68
17231,76608.29
10566,41140.98
15549,107459.73
4252,40692.66
12531,112281.96
4566,100501.72
10981,49291.89
7057,74625.79
1292,42939.95
3143,53691.76
9039,84578.03
8652,27324.19
6447,55419.42
10664,35677.98
3095,54560.11
19859,125519.73
10355,46135.63
12973,67341.67
748,60262.18
17344,48774.97
2978,80995.67
5549,90643.66
16872,111513.06
14320,52325.06
6586,34365.52
2663,92754.9
11219,55315.85
443,69543.31
18630,46338.1
14298,60216.67
14516,37292.38
6297,54584.92
18041,76457.86
13207,56973.52
11855,33512.59
7623,37240.87
4329,72639.15
14919,72693.99
16046,50504.98
19980,105504.21
3465,46640.08
3766,62747.83
9748,48746.72
998,65583.65
15171,74368.1
831,61354.84
9803,37900.35
5884,70916.03
4354,78699.56
9418,66316.52
10926,25738.39
9845,49974.58
15376,39043.64
1760,62695.18
12336,82774.67
7642,58617.73
10649,73896.9
4137,36059.14
8584,81072.44
111,68110.09
7399,47485.05
4133,56245.57
2989,37366.62
17643,77214.33
16789,46211.0
12760,59023.15
10491,84216.16
5021,51496.6
18917,46161.96
19784,55777.62
9732,72293.75
2063,50748.23
11256,54479.59
9543,93629.27
5797,60323.56
19965,133338.28
9758,68538.54
17967,81862.13
4543,50574.8
11115,48369.2
16483,79246.67
8753,31711.03
11388,37230.06
15833,47359.59
858,56501.07
17312,35722.52
12626,33719.49
12578,138383.94
1886,45599.04
12240,42843.38
4905,69972.2
1748,37211.49
7871,85673.99
4446,35334.94
9066,50914.32
7030,65019.39
6677,40692.15
13041,93435.3
9739,71489.84
18,74994.38
16280,66152.34
18178,71959.29
15278,88782.28
9198,63281.9
8290,83779.36
14789,42535.74
5200,58012.03
2119,58959.14
19329,102423.55
13896,64277.14
16471,55471.14
10189,61267.01
1349,61158.19
955,52871.82
1555,61384.65
11470,72345.86
5637,57116.15
6527,30877.68
12549,115813.95
5923,57377.37
15878,98112.04
16978,33207.72
1565,43319.13
13713,72942.15
7694,68164.5
1687,37424.63
5118,59057.02
12979,41453.91
13939,65910.9
6293,80450.68
15226,43440.36
10958,42573.75
5168,54098.26
17046,57924.58
3383,73573.93
4262,71108.01
19743,96771.85
11244,45902.82
4920,80798.7
11624,50439.9
3763,90420.93
19070,57711.35
4467,91779.17
18006,56826.63
19934,101226.87
9721,54061.5
16347,75131.28
9144,44605.65
12427,49309.55
3239,45028.59
6779,87910.99
9665,68265.51
2266,35485.65
16173,109887.63
14359,89705.23
1818,101087.38
10899,61528.13
13187,54834.07
4771,110198.66
9363,90186.56
9450,39335.79
18354,77784.51
18734,40180.22
10641,70724.58
7806,35517.32
19522,68919.09
12738,40420.24
12167,53441.1
7905,68825.04
14090,70219.07
10679,64673.08
19870,78084.23
13686,46911.18
3986,42332.88
9159,36830.2
15510,41329.98
16406,58480.63
17322,74517.88
7447,68849.34
1122,40963.42
12068,106967.59
3832,52366.0
3728,45479.91
9466,32537.57
1326,64894.52
3122,54621.38
15650,39318.65
9768,120226.7
19913,103525.51
6012,45625.68
8435,71704.14
9596,64107.15
10366,42168.05
10464,64976.89
17835,52440.41
8269,72485.42
11108,43482.91
8930,44407.44
2094,69830.73
2486,109793.84
13293,23036.15
1093,120857.34
9398,26661.43
13967,42734.46
15174,57997.12
15008,59617.47
3084,78363.14
18636,100308.47
8638,26893.32
16044,107668.17
423,83150.83
12268,69137.41
3754,37771.43
11690,26082.08
1363,80167.65
5802,37156.25
14406,101340.52
15300,114937.91
18621,98734.64
15137,54481.55
4774,41666.18
18374,50845.7
17354,71733.27
17261,69900.41
7217,56550.84
1026,49332.72
15892,98046.49
13238,43419.32
55,78290.24
7478,50376.42
6530,28056.42
12867,43477.39
15960,67245.25
15232,53758.95
10772,39235.47
452,75024.22
17089,53749.92
10031,76606.05
8786,44219.34
1372,51679.61
6006,43948.09
13200,49636.76
887,40785.16
5623,63107.76
11474,71783.84
10358,67840.7
1811,72410.76
9478,46184.1
9976,43651.48
17268,64797.01
15738,74194.89
14253,68516.1
12325,48517.61
7405,21084.97
3488,62553.36
7152,71134.45
5870,57630.02
2192,55806.84
18430,66424.06
13491,78842.58
9025,28216.02
9924,77987.97
18336,78526.71
9817,33363.13
1403,55810.02
16465,42779.43
17682,50305.42
3799,38963.68
1252,102575.31
11923,85739.34
18364,39202.64
5915,78934.05
11268,72806.89
3977,39352.63
17271,30721.02
3230,40800.31
6136,30163.07
3017,51068.23
9113,50670.7
8933,34070.2
19884,68434.7
3706,119199.07
16633,80354.77
1458,81603.68
11061,48631.38
2730,38549.06
16773,106796.5
243,93820.6
14867,53461.37
10008,69015.76
10637,67054.0
18845,95126.56
7894,70910.4
8363,54814.16
13402,60621.87
268,97985.31
17755,60540.77
12960,50854.26
19697,39151.6
4512,57597.52
11103,44530.78
13726,52230.05
3100,85214.58
5148,72298.44
7769,61307.18
9573,79733.48
2044,76253.09
0,128543.11
16264,66950.7
10757,86596.78
3913,79314.14
15385,68772.25
13387,47018.03
18408,45639.24
15010,48164.67
7930,75141.65
7142,106216.95
18892,46758.23
17808,69179.57
16110,41617.05
18327,55134.86
17763,43470.95
19013,69036.48
10638,33800.74
6481,49280.32
1009,21488.15
19083,53182.91
8832,31508.04
4823,107331.73
7920,44159.23
260,79473.96
19272,36530.25
7635,67123.28
17990,45940.67
15209,80166.44
14737,52121.5
15150,91286.15
10789,46561.09
9064,110196.0
3481,69101.08
17003,38849.52
16646,57816.95
17385,47044.91
14780,39544.92
15254,66466.99
10646,61591.0
14159,66735.31
7658,97290.66
12116,26815.97
929,69013.27
8769,25369.57
10423,76309.22
654,78024.6
9789,68010.51
11148,39046.12
18038,23095.62
19674,103615.65
8471,63404.5
7461,36164.43
3567,44419.89
6622,30571.91
16045,43484.41
3217,38136.58
13136,64629.46
13950,38120.59
156,98655.07
18714,59912.92
1919,60108.5
8275,37451.43
3860,73014.97
17075,57698.95
10083,72715.96
8256,53249.44
13049,70037.88
1000,56048.17
5202,58524.14
11531,57765.64
3460,53171.18
3240,35088.75
2371,91346.92
19021,56440.1
106,105762.76
8182,49329.7
11419,84157.01
3009,62960.89
7897,34257.45
18720,47315.49
16916,74750.42
1972,36489.86
2087,54109.45
16397,34043.48
127,101788.19
581,56345.78
4963,63610.73
1633,93254.41
11214,36086.26
5622,27613.57
7550,57974.94
9320,38910.14
1952,53447.66
13078,61766.91
8970,92640.31
17321,59551.3
4624,51014.18
15143,58701.18
4557,75638.84
18256,66562.24
2831,88167.92
233,83421.72
8310,49256.58
12418,39678.66
19950,71412.38
17557,75750.81
13592,88685.07
7810,49460.14
18687,80327.4
15183,27726.97
5811,50531.84
5109,108928.06
19799,44474.69
12704,52272.38
6635,87140.43
771,88699.3
11503,71407.24
15655,67795.2
18941,85773.86
14255,98925.02
18574,79381.64
4279,83471.86
19769,77644.19
9970,59443.68
12903,64938.63
8888,73113.7
14260,59021.89
9458,36290.02
13665,59106.29
10467,70332.34
6716,30611.68
8163,45653.63
5960,37918.37
8788,42979.13
15348,53619.79
1114,64823.68
15502,47612.63
1927,56421.31
17159,36433.82
15846,82508.42
8490,66125.39
10443,63358.86
14870,75067.61
13150,76106.99
7230,40421.8
3310,52938.37
1231,76268.14
6939,62838.93
6851,61237.57
3522,48793.23
5492,43738.75
8027,73056.53
4207,55683.6
11469,82223.91
904,57360.92
17502,47207.15
4815,42900.55
5174,73730.88
9955,67302.64
14311,73285.27
9633,61146.1
17957,80452.04
7855,27747.4
13259,54460.26
7582,62813.3
19033,56749.62
9933,42623.47
11305,66822.09
5634,17423.89
7885,47909.25
16746,54285.94
18805,79082.65
7149,63247.79
12075,66236.47
2751,26960.45
11442,43044.15
5720,46763.45
331,106623.91
7038,57525.8
11789,42247.37
9100,52567.13
4019,53010.37
1147,76162.63
19466,37462.5
14628,48275.02
4479,75560.09
17200,77489.81
2270,41844.93
10744,91045.92
13643,77377.11
7294,46300.3
9416,47857.37
2476,62040.39
494,78653.35
14507,64873.96
14691,51199.63
11254,34881.28
16685,89489.88
19826,61295.82
14170,40412.46
6280,31150.7
13753,47189.12
19501,79849.52
890,85551.61
5864,80392.78
9535,45812.21
278,71798.3
4306,51523.66
11427,40386.74
6153,42801.06
3067,75074.8
15273,47452.61
8567,58206.0
2046,79917.26
10785,101816.35
6118,65944.55
15417,49456.4
14642,53177.32
18857,52958.01
193,105528.88
9042,75379.6
1827,91835.27
10314,81289.9
15714,90250.17
3947,37648.49
551,67898.09
15621,46160.55
12076,42968.31
2470,46050.87
19173,88167.77
8384,58562.05
5877,70978.9
4651,80954.46
11750,40565.81
8486,82836.29
2333,59945.81
10441,65837.0
1730,66030.25
16003,44390.61
14395,78235.0
6887,57474.09
763,36070.56
692,88309.98
114,107316.64
933,57840.87
5443,60013.01
8738,29185.03
1768,56188.69
19562,50074.06
6620,37517.82
8015,35511.42
4555,57314.96
3861,49318.68
12824,57618.04
6221,43523.95
18149,99058.28
14668,62292.21
12601,71924.7
8100,72147.75
1550,45487.89
18304,76777.89
1178,91124.11
19429,87511.44
4430,74011.59
17286,68718.36
5332,53196.01
2731,93790.49
12916,47714.24
14899,51810.59
17919,50957.92
4015,51996.81
900,91069.98
380,48157.68
13196,67522.95
15793,52195.3
365,90428.93
18268,90511.36
7789,68210.93
18725,54520.07
91,49734.55
12265,55075.28
17867,79535.88
16447,52872.66
16154,57160.19
14551,73459.96
6483,58233.29
19290,61253.58
17359,55801.43
10469,111569.29
12362,79782.81
3120,55392.84
8402,39463.36
13439,55046.98
16645,67415.33
19052,77509.83
526,65899.59
8664,76543.75
10771,87097.27
9228,84853.65
6957,54320.38
8450,72581.86
19213,56643.67
13007,72123.62
2109,59343.71
6947,86907.27
5326,94936.16
6606,65034.52
11026,95540.22
17960,57550.8
4755,50399.38
18989,39372.65
14748,74230.85
15630,54217.57
14796,61253.38
10630,48634.34
2712,27529.95
3457,54864.79
17293,64551.93
17239,58607.15
14213,65322.47
19686,78500.6
3416,103153.96
19432,85577.6
11382,55156.91
15720,48920.6
15843,86676.01
14249,60707.04
12595,107050.56
1762,79727.92
9022,67563.55
7664,95617.04
11787,57454.97
19077,46249.7
6434,43301.95
14039,98367.35
247,61014.65
14053,62886.48
8065,59871.65
6870,85610.54
2883,92934.63
14415,60950.54
9087,82084.74
11813,77926.22
8774,29226.76
3215,68528.58
9013,49141.99
2153,89090.94
17259,71988.61
1065,55933.85
9961,45499.95
8170,56904.76
1012,40870.54
16368,43675.76
6313,28861.12
13973,51803.38
14485,119651.09
18118,74198.34
10015,63734.75
12529,62146.52
8557,66850.74
9618,44245.16
1377,45226.86
15848,54293.9
14886,77369.48
7031,89043.41
4879,59262.71
16579,86836.64
18074,31830.92
2604,86889.85
4956,65059.11
277,73548.59
2045,93967.47
6103,60039.34
5481,51031.74
13248,75214.53
7490,84654.55
7863,34114.28
9624,70915.0
676,75012.64
573,77172.33
13432,57120.35
7190,73011.22
7479,99561.85
2536,71971.07
11674,38818.79
14175,47571.21
12943,50176.8
2688,28147.05
4371,47254.91
5136,48285.73
2557,59463.17
15176,66641.0
5063,69538.72
8489,67093.03
11398,54550.36
3195,45355.08
14853,42997.78
15910,17313.32
13032,62065.31
2057,116752.27
18405,50106.65
17770,115038.44
4725,49074.68
11439,40200.07
19785,78084.69
1428,39992.42
11692,61372.91
13583,108372.29
11572,74472.31
14134,46107.43
3689,74341.08
12519,93820.87
9849,26222.61
13113,38046.39
5308,50520.26
6027,68018.66
2261,48558.66
18168,86260.72
13092,71043.48
12352,45547.55
4032,106041.23
19108,93327.92
3179,59347.56
15229,83911.69
13213,91093.87
15259,72929.5
2288,55138.32
18932,104689.13
5242,63983.08
6917,59272.23
13336,74341.79
5359,44017.75
9662,75196.84
4896,64085.76
4841,46018.43
1915,67291.56
10654,30892.12
15233,51053.64
135,99610.47
2590,47664.79
2465,20947.22
22,111615.81
12310,70695.09
17176,123532.43
9881,45351.15
1610,61737.19
9525,61358.95
3710,27977.74
14723,35960.1
9128,118004.86
1631,51350.12
7263,47315.6
9637,43074.86
12706,70527.82
14649,50931.48
1176,74615.11
4538,37361.12
2941,111705.42
2582,39804.13
14596,66781.27
7137,65105.76
1503,39647.34
102,113483.18
3452,80919.14
19871,85115.65
4762,94811.56
13638,82588.36
11583,85964.02
10309,62979.32
5607,39964.19
2713,39850.14
5753,59692.78
10460,45121.74
9157,41093.91
4108,69986.84
932,96708.74
8099,41044.16
4664,49861.54
10762,70979.73
11976,54048.12
646,76485.02
347,48730.13
5500,75436.71
17072,80856.78
896,72020.15
10858,46212.89
8394,37064.67
5077,48507.22
14339,26957.8
16007,76938.89
7189,38478.0
5041,32318.76
17364,64710.83
5550,44654.17
5321,85665.39
17833,47764.94
9446,47813.99
3041,49761.81
2140,49267.96
7487,72419.73
1777,64514.13
14878,54430.88
6516,46348.81
7974,35834.22
14022,62653.25
11403,59505.43
12067,80678.45
11167,34111.19
5975,75285.16
13485,69244.68
15557,42373.26
13298,73862.08
2965,58218.87
8046,48426.75
9245,69531.51
7270,39285.6
967,43545.78
14023,73131.68
8501,65215.74
11241,50122.78
3039,82010.0
18144,59852.24
11246,66432.71
10584,43850.67
16212,62134.66
4935,82791.91
18545,49539.43
18977,82903.79
14408,37106.55
6661,64589.3
8299,68222.82
8821,46200.58
11406,45662.2
1747,58184.22
5920,74490.83
2169,75975.87
16205,99119.81
15612,58805.66
8030,54024.2
15674,60520.29
7579,105136.89
10124,93951.9
13721,47006.32
15450,91789.79
13796,63971.69
6472,72228.07
7201,82037.12
76,90063.82
14940,34672.08
17212,29972.39
436,77963.18
4151,65336.67
9565,44750.57
14042,84345.22
6463,46405.71
12278,53575.87
8355,59686.67
13993,46578.61
13977,87561.26
14115,60727.35
19264,85378.6
11558,51357.68
15862,89657.42
18062,63381.06
8713,59891.29
2993,66132.56
18314,48316.9
15496,80334.61
9818,93795.56
7161,89160.09
13623,88417.69
5857,78514.25
13297,95314.03
7632,50220.14
10558,41198.51
14804,67761.81
9451,84052.53
13503,27560.32
15620,92596.78
18117,97743.58
108,55827.2
5708,70996.91
11105,65205.33
12457,56614.49
2081,85519.98
9068,43123.02
3155,44286.06
8730,46212.23
7439,94918.45
6122,52273.32
15188,50310.23
5297,42186.75
18782,39296.54
4442,45569.57
6510,36403.65
19978,52006.71
11077,64972.27
4840,71699.64
10319,59182.76
14678,64676.15
4593,44330.09
16291,62959.6
3891,126645.44
2867,59256.04
6558,39671.59
11437,28505.08
10270,45453.07
5805,36706.55
19234,56305.56
11587,96600.21
9120,92904.63
13958,46297.86
4212,76344.84
18210,39730.95
14463,56601.75
2241,62311.18
166,63235.56
3207,75874.09
19268,101451.74
8746,49100.91
6932,38897.6
13978,79722.09
1354,70879.04
5952,32979.04
12272,57761.74
15139,53428.71
14142,72571.8
15791,40312.57
5795,79547.93
17166,40089.37
17001,70455.7
2097,51066.47
14388,37048.78
8851,98619.7
12172,51045.91
17997,49286.91
15277,44419.02
4899,84986.43
11336,58104.19
1544,54043.29
9657,33474.26
14172,48859.33
19948,98966.48
7713,55959.34
3129,80664.29
3038,67770.5
4783,87865.75
8475,26025.96
12553,92466.4
5911,38226.25
4184,42050.35
17866,60189.97
3107,61969.13
10483,123516.78
1370,39231.88
13169,53237.76
1024,58268.2
12147,63946.48
10550,39560.96
15327,72381.86
3176,26788.63
11011,38553.2
14590,47987.36
16494,63958.22
7568,63010.64
1171,74388.89
7023,41763.38
4806,81142.41
7736,47480.56
8562,63563.32
9877,67072.69
6184,50385.2
17903,60376.19
3677,123080.38
12648,51539.45
18894,51501.65
19438,66844.79
164,113707.86
866,62281.09
810,36455.1
10370,90474.63
11954,68261.46
19564,67341.48
2255,70698.14
18539,38959.59
1219,28959.18
5040,73484.66
10840,65881.12
10706,49569.88
15003,36261.78
5688,83460.17
15446,53492.9
12409,74002.51
16989,66825.62
17165,56516.65
9723,58274.73
9888,72150.07
11533,48282.7
12141,68601.23
4971,88949.46
5458,70505.27
16322,71839.61
7656,18291.35
5460,58459.5
18981,102714.6
11884,55261.85
14096,37575.16
16952,78626.62
1433,82085.24
10579,27563.62
7667,45890.49
18974,43487.65
18476,35186.33
13131,68126.77
15692,72992.83
12582,64118.12
14017,39726.27
2131,45918.29
18996,36710.23
16549,48790.63
13128,41112.05
29,78800.92
10528,91187.86
5542,34401.7
17380,84443.01
13156,39325.99
10718,33246.28
10513,41473.67
2594,46588.36
16545,44995.42
209,83311.11
11302,75586.67
8987,86950.23
17658,62850.4
17610,62299.42
17127,63000.86
9635,53281.82
4873,117192.82
14558,29145.84
14423,68192.5
2071,59069.19
1908,75162.88
7273,51739.06
14357,87392.46
67,122614.58
1157,73722.82
4724,31400.29
10387,71456.47
6088,37047.28
8292,112816.46
10056,84188.48
12813,64210.69
16959,93280.65
835,98752.3
4443,59790.82
15358,90815.35
17506,92370.09
8572,36810.3
13647,45988.69
15832,35815.87
16198,58508.52
1795,69373.46
1379,69423.57
3935,64979.45
6872,80219.86
18126,72423.43
16148,58082.34
7059,71945.53
2092,59743.36
5477,35453.44
16283,46008.21
16777,94391.57
6818,53638.88
19085,70151.36
2309,83392.81
10465,60590.42
2157,45946.47
4837,58001.74
17925,49210.22
15912,80031.12
7378,90428.07
12422,30501.74
11410,36277.05
16426,51335.43
4247,33028.5
17098,81492.85
3357,47964.79
14823,42505.78
729,79884.98
468,52904.48
3983,35086.77
16359,99898.09
1436,43927.58
2143,103797.73
18872,76155.16
1010,87844.96
1455,72730.4
16491,37443.3
17737,98178.79
16955,69725.43
9314,71715.83
2929,36083.98
6192,108070.58
17991,60000.48
6722,73835.99
1967,48261.47
4014,61449.45
12216,48051.14
11982,56079.07
12057,56682.27
15863,58558.39
12503,45305.98
1177,80377.37
12920,52305.01
17427,90234.69
2660,34530.48
13009,64237.98
3614,31485.06
5454,33075.39
7076,53790.09
19530,70670.4
16268,49884.73
12963,38576.28
15608,97296.38
6414,38341.65
15388,68998.84
10212,36201.65
1003,67312.73
3036,43056.08
14135,70076.11
7226,88758.83
5262,47683.14
6923,55683.91
12922,50777.09
4450,76762.47
19281,36652.46
18180,55945.4
10777,34171.43
9214,86179.58
8174,41399.67
5760,47083.44
11445,61877.04
969,57044.04
14407,59535.6
3656,96985.5
8279,57774.22
7538,45573.75
16097,60544.67
9559,57644.11
14290,84080.11
7034,40504.36
10043,68549.19
6862,52845.69
17273,44118.41
15760,78717.35
8966,40891.67
14650,50707.43
19607,103492.9
19977,47484.33
958,53954.02
8469,50093.24
1346,42815.33
9511,44052.97
5383,31017.79
18897,68156.65
679,78485.25
16576,56751.17
19574,89240.81
752,77207.91
1390,78248.52
5429,23858.0
6829,78468.42
1261,76004.32
18083,46860.66
2215,42062.38
3121,40584.71
6476,41741.03
682,44388.77
5743,36550.87
14417,50832.55
11947,37029.86
12804,49617.04
8701,67761.15
12812,57043.19
18335,64187.65
2891,31073.97
13685,51432.33
1517,70867.24
628,72793.95
5519,48104.62
19046,73483.13
9688,114120.44
2774,67265.66
14906,79909.45
8057,82146.94
12321,46092.58
1330,85669.06
1495,97942.76
10806,91057.76
19818,96205.91
2102,45133.99
11130,72019.23
17699,81079.64
7613,38968.52
16717,89589.61
17863,43040.4
6994,74695.84
13071,57518.71
14299,27096.44
16266,62836.83
6253,36446.44
10457,37164.47
17899,54082.88
12248,55371.11
10826,62625.81
6580,86144.37
11597,32086.71
14358,52468.1
15652,58693.84
19286,30816.4
4919,77333.34
3600,45547.49
9344,80431.58
4131,38542.51
2242,59288.84
2225,52712.2
7668,46939.54
1264,48078.54
18899,67004.72
14429,45129.37
9403,75540.57
18741,62217.89
11208,40799.54
13170,41074.8
4535,65071.43
2296,36251.13
10065,69812.56
10868,41090.85
4765,93755.56
1944,43241.18
19220,96059.24
1674,39680.57
19549,63773.8
16208,49068.93
5645,116499.89
5943,42750.5
13039,52245.81
1424,86205.43
4415,124067.65
11010,77737.58
588,49890.09
9824,53486.35
9999,90923.65
12158,73661.79
17761,77155.77
9706,86142.26
2934,122026.26
1940,57541.77
837,52748.5
4622,98331.56
10829,58776.0
17314,50218.6
5866,63461.33
10603,35062.81
2755,64727.51
6877,94540.36
8453,107089.38
6962,47746.27
119,63916.09
398,48778.57
3409,39036.36
17047,69187.84
19304,79644.76
7265,52169.95
18279,68693.55
10908,52156.07
4931,59785.17
14452,50414.54
19988,111325.21
5844,49080.76
8230,108490.02
7221,44571.99
1814,62133.42
16728,50417.0
4801,57048.88
8482,67859.22
5719,83066.9
8141,38838.88
511,67178.57
18615,71071.2
1163,39082.25
2595,47206.75
147,55492.16
13268,71925.33
3787,60796.04
19634,64977.68
18303,78149.74
11435,79249.51
8088,86226.05
507,97809.81
13636,61942.57
1018,35418.07
2974,34458.98
7160,48847.54
16639,76660.98
12035,66816.72
7817,53894.95
6636,37617.16
10568,50600.88
10313,66270.61
16857,33165.73
14148,62190.96
11628,66932.28
19170,52704.42
3547,75769.01
14578,99263.69
1725,73215.4
5173,60871.95
3693,82876.66
2892,60615.56
13292,27291.91
13284,31379.65
6701,100507.71
3251,58084.42
1939,83508.23
6015,39595.5
7015,42495.7
9989,43431.96
19628,50668.79
16273,60384.04
11773,58482.19
10972,42268.58
18220,67844.63
15197,59796.71
36,73446.77
17227,36410.82
13768,74517.19
18330,64421.84
303,80676.54
8333,53405.25
6998,36910.66
16207,62234.21
4958,44036.93
12521,55118.85
18359,71923.64
2027,42947.04
5605,89664.29
1106,44459.01
11932,76062.78
16725,55088.4
11512,62896.11
13440,61761.73
2567,44302.92
15699,38509.66
12295,86684.31
5008,102665.05
3894,65401.73
12931,53317.8
18711,70923.75
3768,68120.52
15804,60106.45
15622,83202.32
8794,51871.19
15221,56913.51
2683,67123.98
8768,45727.11
16339,42068.68
13656,53755.18
4551,37911.78
1459,53667.06
2306,64889.64
1847,40347.17
6266,80740.14
18340,92095.21
7170,85667.84
7301,56099.02
3617,118899.69
10953,42363.38
11714,59208.6
1860,105788.94
14803,83365.89
12155,34803.07
16116,66431.68
17753,58091.21
6310,51400.95
5266,69370.24
9366,97418.15
246,64416.6
17845,65705.74
8438,54502.84
8595,58437.52
3297,45905.52
10999,47058.94
11258,79831.21
13308,96188.14
11640,58001.58
17376,58120.75
19945,58284.32
18862,104440.02
3314,84919.99
10758,52423.48
3769,55180.91
4041,36009.4
3434,66725.14
17626,62319.39
7505,45161.91
8792,39947.74
9886,58628.77
15281,75693.31
7725,43933.48
14635,32279.67
4130,84522.03
17489,84609.11
2697,58133.45
14856,60453.58
12917,74740.36
7960,63851.64
4944,44437.39
9542,31430.62
2951,48688.57
3606,33453.9
54,110668.78
8197,101250.96
18320,72198.79
3615,105378.65
13289,94764.77
3242,82585.72
8946,77949.09
10172,54228.95
3344,44129.73
4003,59998.13
16349,37720.64
18716,89038.86
18676,75116.74
15485,47867.67
18843,84387.76
18227,71793.3
5644,44688.16
4729,48027.01
986,74268.09
13677,53602.0
7651,49110.11
14056,84863.99
10193,36020.77
8164,49741.81
15590,28557.08
11269,95545.9
17777,53990.05
11885,33953.99
1882,51713.33
5954,78359.26
2314,53275.66
11117,74810.24
16637,72331.99
1955,73573.11
5981,44419.96
4782,63362.04
778,77863.68
9932,32718.39
16431,80253.54
3727,74314.46
17790,92989.55
11415,54068.43
1658,50546.52
5983,68996.58
11053,70830.27
9125,28290.88
4637,70127.63
4845,30952.46
17627,31561.65
16315,36719.29
15948,56266.64
1665,62802.86
11631,86322.03
14722,75054.56
18628,29564.07
4746,38109.32
7786,29676.81
15731,85690.39
15915,61514.77
14830,66544.41
18500,44797.76
989,78867.51
12161,60790.69
19909,94383.66
823,51819.23
1341,80972.07
7489,87379.28
11050,68405.67
9353,48305.4
2763,67320.79
15872,70811.63
11331,42764.0
14433,43456.5
6534,46476.0
10392,45498.87
12002,34148.75
2548,36691.81
10288,55284.64
4043,39392.84
19926,55371.1
14277,60622.11
15664,57939.79
87,76047.45
1217,59716.97
1742,55240.09
10845,96735.24
1771,86411.39
16453,61967.39
8484,38995.57
14,76030.63
3216,77900.33
14337,53476.48
6539,61808.56
13611,67132.84
4576,77521.04
16079,68894.24
18537,55540.27
2132,92462.38
2961,77000.58
9797,36274.28
5545,41239.92
18361,40238.73
11566,39126.34
7307,47136.0
5941,88399.93
9105,30060.72
6734,46058.17
384,77736.54
17711,44741.42
8755,65756.84
5858,113564.48
15052,45943.77
5925,39613.29
7132,62131.0
8073,43106.78
13070,35172.89
310,61302.48
10051,21377.29
140,41950.5
4653,85426.38
13765,67304.82
1318,71290.26
16727,46594.83
1050,55683.93
16037,69711.85
11520,98583.13
10985,100736.98
17284,56686.85
18525,57686.93
4999,36972.4
17962,52177.14
6225,38720.7
9394,61115.46
19141,32693.63
2537,80052.86
14054,55197.84
1852,82019.77
2249,33765.93
8054,49622.21
6238,101175.53
18129,98965.27
14541,54920.48
14234,62860.06
12340,88900.55
3666,77238.48
10427,52543.03
1902,48054.17
12532,43197.84
2303,63118.97
5304,52333.96
1460,55924.42
13350,70705.37
10970,47754.11
11980,23489.45
4621,62386.58
9041,87908.49
18682,35623.51
5369,43806.92
14574,73373.94
5413,56084.99
1531,90396.43
18157,47851.67
2133,43728.24
16800,37313.04
19702,41838.14
703,55809.46
1917,62366.77
10793,44542.01
17983,125347.09
1632,46467.66
6730,108732.61
16153,38589.62
11791,44173.63
5187,122503.36
14232,63764.35
4967,85816.06
5423,50317.3
16748,80575.12
7704,99416.73
14513,72654.63
3599,76970.03
16085,49545.96
733,61868.46
11953,72975.11
4790,27367.14
3160,37317.73
4060,56128.17
152,64099.82
3808,42625.63
9698,70953.02
3194,42707.33
15363,59444.72
6217,78480.01
14597,56811.28
13201,71670.33
14272,42710.67
16560,112891.23
4366,48210.0
13585,71998.16
9303,69081.2
19064,68175.78
15813,78833.24
15547,54391.37
6585,73747.99
2740,40760.22
14561,34481.71
8323,29148.03
3676,28744.59
979,70032.73
19247,52969.5
13091,68626.77
11963,46446.04
9483,32712.11
10936,50490.66
9049,70045.81
2917,57338.02
8215,50327.65
8371,39247.35
11304,74511.82
17129,125072.97
19295,65036.73
4321,45339.22
6897,51025.56
5159,103360.04
11637,48830.58
3272,57465.07
5003,44672.28
7064,50036.93
978,43594.69
14902,53006.85
18692,47468.25
16437,42601.58
9045,84780.62
15394,39331.28
92,118748.89
14502,53114.5
6711,73414.23
12073,60656.23
1910,66923.76
4465,73691.52
17400,86104.12
10106,62922.2
13567,63290.57
15632,75274.75
4440,84530.08
1505,101422.63
3582,61595.71
4308,93936.33
1301,62595.97
3393,62841.62
17813,48358.83
1296,59106.78
6767,54457.43
6956,43917.46
15146,51830.8
15653,62598.51
4917,76089.88
13747,57168.92
13354,38554.11
6765,39283.73
13423,76324.15
4542,87015.47
7609,47635.34
19925,45086.14
4588,75011.91
17625,57554.37
19012,30955.15
7536,57094.9
14125,47618.17
16531,72675.15
15691,57105.01
13166,39502.15
5731,107490.06
2147,33012.26
9470,69204.56
3345,65548.96
13557,65884.54
17091,107512.2
8439,54665.16
11978,43077.41
2957,31944.57
2429,75319.77
16848,43177.01
464,82773.08
11685,65078.42
8106,28838.89
15693,106271.55
16699,86472.32
11375,40246.81
14400,61272.36
13625,61708.94
15434,79813.05
15128,93631.05
18435,92883.73
6179,37957.4
10767,37099.61
3351,67510.4
15949,68517.89
14029,80724.79
17011,74502.28
3385,66739.5
4050,76633.37
1912,54833.67
4607,56875.19
9177,55005.55
6588,55605.68
14683,41148.73
2072,65857.85
13784,35208.43
2036,69773.26
19938,76602.32
605,118552.12
15460,75051.61
9272,47091.48
739,92230.0
3862,63712.25
17373,67487.42
15372,98148.01
4147,52672.19
14925,40067.32
2295,73482.34
18082,52542.59
3633,59670.62
1094,58190.76
6004,71249.84
914,47771.34
15625,47592.09
8808,29929.15
2597,58243.66
13961,45735.62
9737,106758.84
7146,50568.32
7554,61293.68
14164,56431.76
4213,76133.23
17760,79370.84
2639,110956.98
10395,58974.83
14479,112952.79
13782,73786.14
11857,58254.29
15124,80222.87
17828,106578.81
6512,39422.36
4980,63485.4
10349,83305.23
16288,42400.78
8019,100348.15
4539,70599.14
2746,86693.63
9602,91786.92
2503,24867.23
17749,73579.49
8779,53323.46
9137,52722.98
18520,65880.48
14380,46849.78
6043,78245.08
12293,57328.12
4804,63565.54
9234,70108.32
9213,65367.51
11939,84479.87
5253,53586.72
11001,56515.38
11672,28023.77
11662,50215.31
2100,85140.16
14706,79623.98
3343,30705.63
14694,56072.47
12286,60133.09
2573,58145.43
4405,21278.47
15328,11515.53
16675,76357.79
6356,70882.6
3491,41631.94
190,105441.56
14147,32502.7
11203,81121.32
6000,75453.32
7590,79786.54
14547,51847.61
11471,68342.96
3697,55422.46
15354,38470.86
8316,55816.18
17213,65423.05
17981,49551.16
1116,99733.12
8800,39147.21
9075,83105.89
8262,46781.18
6703,74572.16
5420,59680.65
17118,105551.55
3106,33726.91
17120,91144.76
12287,38378.71
9820,59533.66
16451,63915.65
4115,105771.21
3066,78192.31
4058,90655.49
19503,32044.7
19806,71406.19
12335,57402.43
16027,98477.98
19768,54686.5
13421,65496.83
6055,90567.25
17754,40378.52
6535,39628.98
10504,17982.61
11062,61525.79
6526,69385.13
3431,100311.93
5043,77000.96
9327,68539.68
13549,79485.28
14304,85464.31
18986,58801.49
4616,57503.71
19265,15978.74
11092,70892.83
18583,54807.18
6853,71317.52
8993,70396.46
4263,83986.98
3056,34509.74
2664,90973.29
13076,77949.66
11490,38659.57
7244,79871.18
6461,48218.33
9014,21559.17
7047,26680.75
8466,62698.55
10498,58233.87
11480,51744.94
13155,95064.04
6443,28961.66
13873,59342.76
10167,115669.95
6752,46523.59
5028,54532.11
9184,77549.61
9784,41806.31
9051,49378.3
11217,54707.6
7835,67322.89
17301,53750.15
19079,77201.45
2968,95016.88
19623,110026.22
11236,40895.5
7243,31986.99
12061,60622.86
4342,56082.05
18744,54074.88
690,56992.79
7394,68518.96
774,40222.62
2084,77782.86
15092,53862.5
7451,56973.13
11569,82320.88
2005,42358.81
3363,57303.52
16146,102418.2
14278,56649.16
15961,90968.32
14133,46238.57
13434,55584.91
1143,104352.83
12023,99003.96
19223,86735.35
2354,55176.86
5971,56694.51
13391,21494.75
8203,70324.53
2327,36182.51
16445,42946.82
6553,37477.64
1996,103181.41
18043,88992.07
19489,71013.39
12807,41811.86
9816,57699.94
2041,84197.91
17486,35102.61
1743,81936.29
9557,107689.66
11536,32610.84
1183,54710.35
5615,63070.7
7455,68033.55
19313,62056.72
5508,49437.5
13608,51663.14
5677,44136.09
8132,95804.14
3747,25929.1
12472,56433.6
6985,43914.44
8208,58618.78
8612,48136.02
18285,60013.74
12030,51053.98
15958,81434.61
10800,47394.07
3044,45413.59
18011,62013.78
8944,34812.91
7875,26936.31
18130,38460.06
3096,82039.78
6325,65418.78
6213,29254.63
7864,71727.99
691,58564.25
3879,27833.24
12835,80028.8
17541,68244.13
7223,107288.07
4248,31995.09
15049,60566.3
8184,74710.21
13599,54414.16
14058,43019.25
3521,67952.76
16470,48491.08
5699,27016.76
4408,73605.22
8695,27629.18
6575,38177.42
8660,86236.01
2378,100118.85
10157,50324.09
14956,51156.67
10695,37721.43
16062,47696.22
7022,37058.59
17023,50554.55
972,111888.01
14327,26588.78
10563,66141.84
12455,68030.17
6754,96203.4
12250,38437.37
4293,66886.75
15362,73878.21
5005,82009.56
8546,65193.92
14951,92659.22
677,48885.11
3918,45278.1
16903,62065.29
8417,27631.28
16908,111916.32
6772,113765.12
12906,29131.49
180,71290.23
8338,75625.96
9122,62572.1
409,60672.46
16311,33518.16
3561,54362.65
7416,31788.19
9564,87010.75
6656,34541.6
51,69329.14
9086,58195.87
8838,59375.23
88,83970.88
11043,56496.36
2450,74742.29
19565,75347.01
12794,85377.98
18997,36622.21
14413,60239.44
9182,78497.78
2040,62942.65
7796,46848.26
141,83091.39
11657,75200.94
4910,46465.32
1579,46070.6
17193,44942.0
18472,47182.66
12526,98887.25
16410,103356.93
1153,83198.64
8963,69455.93
1539,87324.97
5640,74152.23
9594,51683.34
2935,35333.88
4632,59723.14
7867,25090.59
12119,39165.36
6721,37535.57
12364,72038.39
9526,62634.29
13702,70758.1
19555,88350.38
11357,68898.88
12051,46547.24
4737,83305.69
4290,89049.9
3580,56459.08
16655,71401.38
14921,47500.63
19225,85641.67
1337,56551.21
18567,38905.79
4894,106121.86
11033,61779.07
19242,66294.63
1476,47074.17
18906,65870.08
18248,50714.6
10180,44646.24
11091,73833.43
13174,42993.4
2685,69522.52
19803,102436.38
8024,39699.04
259,48422.54
13612,38405.54
14968,41531.17
19062,58385.77
3208,75189.97
12355,39662.46
16241,64847.98
17292,76550.1
1174,84869.59
4310,62333.95
186,51523.98
18832,99886.91
16489,78508.66
17750,61388.76
18515,19775.37
6890,55138.92
15437,83075.52
17572,41738.7
3952,91771.41
6430,55747.76
13067,59796.83
10005,63263.76
6859,46940.65
5336,44374.71
2806,55196.18
12461,48123.92
3273,48731.43
6781,127511.33
9831,53156.24
499,88095.51
9074,45919.82
7276,80407.81
10345,53471.01
7338,76083.74
572,71826.67
15334,40363.8
10064,27791.03
12437,33965.86
9232,42310.38
12838,68779.53
7187,78585.15
15498,37687.31
15981,75869.21
4611,66068.84
16374,87248.35
1072,49288.92
19901,101097.83
8342,58424.08
15178,46534.35
2489,45289.12
17725,74633.68
14309,44850.75
52,79253.82
19996,103774.43
12150,58542.5
2933,40870.32
13457,45093.17
609,62691.19
14855,75277.03
1980,26929.06
8773,38186.81
16501,42536.66
9318,77736.67
16425,44882.47
19128,39151.31
9934,40294.07
107,81032.84
420,62479.32
3650,62417.33
14301,58249.07
1865,57726.3
16059,51932.77
89,67985.89
4195,95263.43
8303,51993.27
18238,28750.7
15251,37389.59
14549,57389.47
8872,48344.14
11392,71964.12
10595,47443.66
1543,52094.43
8067,76069.99
12901,58247.84
5254,62581.84
10306,22006.85
1958,72323.23
18943,71843.22
16738,61202.64
16980,43562.6
6538,84923.59
16050,57227.66
12736,91099.05
19478,42543.28
11446,113155.35
17978,60863.91
13830,47101.92
7207,36894.61
2170,84508.05
16005,63638.25
5973,56234.62
3128,125948.87
12959,29041.29
4413,89138.73
16351,65402.8
13954,44519.43
13733,77087.53
19542,95784.21
5786,113871.88
11344,30029.36
15640,51684.15
8245,70852.26
4374,59560.0
12569,29203.15
14592,54258.8
3386,111772.14
5066,65420.26
6595,58397.11
4564,47300.5
1644,45759.61
9861,62565.38
12889,28357.86
2752,47232.51
17272,33309.17
7923,53641.82
10059,68650.61
17438,39147.2
18406,70493.05
9164,13778.68
16542,80346.95
19450,37866.41
18240,44734.58
16407,39924.5
9243,64268.15
1323,65545.71
5392,110284.46
9979,60631.38
2007,38944.23
11959,80896.65
9527,68493.09
18383,27903.06
6875,55746.65
17249,43893.43
9667,26055.78
11511,65121.47
13878,39189.79
16114,57981.34
3771,50977.11
8850,29460.0
9593,26881.4
14615,32694.76
14162,93912.2
740,60317.75
14967,29474.11
5757,55019.22
17397,86703.22
16440,47502.93
6787,56437.27
4167,31839.92
10775,27397.35
15839,71274.98
5806,36584.63
11328,38427.02
13193,47781.88
13927,63315.69
2871,56286.93
4319,56108.82
7252,19158.51
10753,78693.69
4787,50436.58
1982,27078.01
12599,94932.61
4842,61715.72
5578,72970.25
10263,51033.94
19087,94384.37
3013,102034.12
730,56886.21
11894,40774.71
10544,55714.19
12004,55150.56
14481,59843.62
7095,97826.49
2231,43741.68
8009,60577.44
7055,72011.37
2803,94298.21
9648,83554.64
17757,40746.67
1166,53707.81
3887,78452.47
18114,66519.65
14284,76419.02
10445,66231.21
3886,65702.09
11969,54286.86
10126,49325.21
18066,66424.45
3816,47182.63
12129,37367.66
1485,41647.94
5434,32784.75
4386,58713.16
18457,66428.66
8021,55804.12
8947,43458.55
1619,30678.45
15423,64620.32
5194,59144.54
8045,38966.88
8391,79048.9
448,63577.36
10081,96185.49
19538,41455.69
1400,39270.04
16598,47443.52
5277,43603.83
11675,42052.55
15262,85969.35
17053,85854.03
15102,93215.04
18491,46766.07
12269,52845.24
12275,72892.69
4361,83590.96
10099,34883.44
6056,49983.13
16170,78175.32
7709,58605.47
1690,73122.16
15317,47245.92
12891,89289.03
6976,50785.02
15321,28440.14
9810,95983.92
12225,78794.08
11931,28867.22
10381,80955.43
12962,63569.71
19599,57189.99
19377,49172.94
18851,30034.31
15272,31168.06
3941,36582.71
18522,75496.69
16032,48731.21
13453,78021.05
9947,68199.51
5544,60264.03
9187,69202.18
14300,78897.63
2322,81518.26
7580,55948.17
8844,75213.47
13619,51603.8
45,58948.23
14075,63934.61
9973,97969.98
3293,44009.36
8447,39947.72
14577,38612.7
10711,58388.93
11020,64227.1
6663,53014.99
5776,51277.88
2282,59736.18
18756,109904.58
10209,59615.16
3658,39627.62
19540,58960.39
3776,56176.56
4908,43796.95
3123,55262.2
16060,57722.21
18404,85418.42
3570,63291.83
8278,66667.14
5223,38940.26
2811,94341.59
1383,97150.29
13285,57298.42
15533,33527.06
3680,74519.0
3973,59891.44
5524,44329.27
13072,34659.82
1784,72552.35
3696,50306.68
64,72934.46
3326,44535.98
14251,42963.39
3720,50304.03
15705,40846.61
3911,86518.83
5364,73415.62
1142,83193.14
1064,57398.18
12508,56139.46
11724,45160.33
5469,61629.68
13597,65450.51
7456,25785.06
19477,101919.28
224,55373.06
2362,61831.02
6878,66355.15
6934,66027.84
6327,81338.3
10304,108818.42
17786,79043.58
16937,80191.42
14567,65134.14
11123,56130.31
15988,72582.2
155,85177.6
13424,76901.41
19537,82106.47
10105,72304.79
7331,40443.81
16626,47677.79
19655,94513.9
234,78976.46
10880,50710.52
10120,82379.99
14307,56177.16
9636,70894.56
1464,73335.37
1382,120557.34
1475,75506.41
4132,87691.24
2651,70539.04
17692,51823.93
6205,84193.0
17221,66643.29
5144,36801.32
2762,67848.53
2037,62160.94
14076,60580.99
19514,77242.62
241,51505.46
668,125197.21
8312,63897.84
4585,47331.48
747,73994.95
13215,29021.2
8920,70184.39
17219,65263.85
12144,37188.18
9171,54787.08
13877,76957.23
9061,48059.59
16934,36702.96
17317,105456.02
13243,41751.42
9192,54196.02
12935,86056.61
6214,50952.89
19791,71889.48
16218,73435.18
15683,44121.24
724,100343.05
19620,33891.7
15377,42696.27
16068,73312.75
2538,51866.36
7397,24312.47
19928,96473.58
18858,52836.04
8574,120185.04
19045,38523.66
6301,79222.42
18934,32501.99
12468,32732.82
19258,103394.49
9868,78993.17
12779,50321.08
12755,112637.38
4909,72300.36
5762,97509.14
6172,45958.04
19668,71642.71
5444,51543.02
18835,95414.92
6180,34050.28
8583,91961.51
19314,121927.37
17417,48541.57
3628,34541.72
1269,83483.35
8459,52480.51
6808,93314.36
13361,78059.56
18552,87575.74
13324,66366.27
9928,44205.29
19973,37173.06
11614,76949.28
5378,72309.03
5974,68713.16
7601,67110.68
15333,95244.44
1355,40671.51
19678,51503.28
18925,90040.99
6852,58519.51
6372,33648.91
10455,84995.92
1889,62431.39
11848,49523.93
1945,55526.59
4529,32367.35
5756,38060.79
17605,85023.07
13099,56186.44
7073,99814.12
6769,37152.31
3550,62918.1
296,64137.92
16384,51697.27
2208,63480.61
8426,64127.82
13043,21751.32
9160,92470.9
8795,109413.47
18192,49022.69
16602,108985.06
4490,46921.8
6693,61298.56
14326,94713.02
632,44703.4
6800,81875.38
14049,42248.77
3890,54446.82
9385,36056.56
18635,83435.55
11178,64772.4
17085,82903.93
5260,34646.04
2792,49302.36
12488,35319.52
9,74789.89
1718,40952.32
9509,70984.64
13020,69839.68
12504,58142.85
12333,74263.77
3840,88847.55
19287,80612.29
3632,65910.85
19625,102382.56
1095,61248.35
8023,55318.02
2301,60309.04
1540,58933.92
13212,40568.21
15202,52760.47
14011,61419.06
973,65001.69
7316,39756.03
10024,34043.22
12809,111983.16
11546,40059.34
2717,98232.88
3611,48388.0
938,61459.29
8521,21882.99
14763,66774.19
9878,94148.56
1413,100445.32
7731,64330.83
6587,74690.84
14126,39862.87
16338,53136.0
8785,116401.43
14604,57073.6
17036,54291.29
19259,66247.22
3949,53936.79
11423,67677.6
18015,64184.93
17819,52302.49
18738,41055.59
9380,35161.46
3047,44368.19
17796,72902.4
16838,93144.51
15726,75196.45
13516,32133.37
245,58355.74
2006,109993.04
370,71024.86
8366,40895.57
14031,46671.78
18436,63377.54
5258,66155.6
4863,43278.77
14085,40938.86
8276,71807.02
10884,15507.42
11385,60810.79
10148,41355.86
14645,49954.04
3173,80270.49
13059,67545.48
3730,48627.33
11717,105181.89
8047,45021.05
1986,77048.11
14377,36650.64
19788,98638.08
2734,57357.42
6502,52032.96
208,75746.5
11788,82937.76
14465,55434.72
10932,81451.88
2624,84251.38
18434,47614.85
12169,62184.51
1426,46561.85
5450,99985.16
5727,41629.85
1705,85830.18
17260,59316.57
19999,64626.58
12622,88588.52
12469,30399.47
17523,86769.87
12629,49196.56
9148,87096.84
11948,80477.1
8728,52821.28
1039,54555.04
14684,61691.87
13226,61441.02
10634,55756.24
17977,31928.91
3243,45143.75
11315,79445.64
9800,37948.12
12013,25556.46
11807,50461.44
10439,64020.41
3287,91869.8
11488,56392.27
15231,76236.83
4373,45257.31
5207,39797.16
7834,58540.02
3088,91443.61
14915,52201.7
15410,67224.57
9984,110123.33
11874,28347.37
10354,70658.0
8403,79586.94
13141,58260.56
11585,71521.87
16722,79326.13
3818,30347.97
15477,73442.8
766,89548.76
16242,100734.56
2824,84869.3
18353,33731.53
15206,78121.68
13030,42870.53
12879,55941.52
10997,50803.24
13807,52415.74
6692,37755.08
14950,93957.32
17940,70517.22
18713,89721.86
14799,78736.89
16752,43231.75
6842,60512.44
12830,38930.26
4123,55183.76
19394,61863.88
6276,49967.12
14269,71327.22
17220,66175.42
8885,62145.11
120,73813.71
19614,52675.55
12747,37560.94
16393,49675.63
17975,64048.06
7200,56218.36
16595,63809.09
9336,92356.1
13959,100123.65
17367,43334.99
14051,59503.9
3752,51436.84
6941,64660.45
6691,28245.19
5749,49028.87
9629,47440.88
16475,36213.11
2008,38720.77
3702,139863.79
4435,36388.92
9827,46655.83
18639,97792.29
8330,52918.99
13528,66798.68
640,46838.09
15427,61868.8
13470,33875.3
2009,80043.44
5690,58570.89
11987,92539.36
7953,62106.56
6079,97455.9
6265,45297.56
2368,30280.82
16454,125284.94
5642,82967.42
10181,43830.9
11240,89073.85
9866,97682.73
16825,131360.68
13124,35372.76
5617,51055.73
10154,69599.66
634,68310.34
3003,50971.28
15044,117277.17
13034,80113.19
836,55101.12
9589,92070.13
9661,69363.48
4480,74377.11
18416,36392.38
12339,65848.21
6513,72053.88
2866,29727.3
11822,28623.23
7659,49411.15
12043,62619.98
3389,73832.12
13513,67485.35
12183,59560.99
3150,50237.13
13904,46280.77
19160,54791.97
5807,58873.48
15506,45581.47
3295,55364.03
19492,73421.55
8488,55446.74
7514,83996.51
4476,89503.58
11266,67841.42
12138,35257.03
5337,93726.58
9181,38444.68
13722,62108.17
5674,50804.6
11345,105882.48
12334,73697.92
1402,41578.06
4200,46695.83
7126,76939.66
15923,49420.27
8943,68045.59
13943,102244.3
4966,74707.38
19389,76279.61
12817,75679.76
3327,84623.53
7194,71181.15
19763,68410.49
6242,46464.55
7546,83281.46
17773,72484.68
5610,57039.25
9677,103527.34
8514,63741.88
13895,50871.35
5436,66738.62
17700,47803.0
15352,25841.25
1874,56632.52
3605,40312.81
19465,71075.92
8692,66210.45
8789,59668.14
878,40184.33
9155,78720.08
12684,70773.45
19252,103385.82
18453,51670.86
15886,37628.23
18452,62940.67
12754,41361.68
1938,74556.18
5410,70436.83
3024,60017.49
17595,39765.27
14797,70999.73
4385,55247.03
15267,44149.8
1049,66948.83
16086,68522.58
9330,63817.82
3692,121136.76
9432,69261.02
16420,56177.93
9238,63949.94
14482,56752.31
7021,58939.35
15700,42814.11
13590,60675.95
13104,44964.27
9333,85292.35
4709,86926.85
16234,45668.65
19230,48168.63
6762,37470.98
1609,86308.64
10205,86851.9
10331,51542.59
1074,80925.84
713,56980.28
19072,67581.34
1985,75700.09
11560,67939.55
13750,37074.8
17744,45486.12
16185,74713.93
19284,82850.82
3957,47313.03
19325,83212.43
726,52322.32
8998,72091.08
12987,89585.28
9612,58466.26
5026,85679.19
4204,72876.9
15885,81232.26
14289,80646.99
15583,73310.8
14625,51552.0
19541,63614.42
851,50807.25
12228,55100.98
2273,57928.92
7472,60141.67
4549,55646.66
15093,64840.47
3004,70583.47
6824,126141.04
13348,57885.59
13855,58372.58
13487,53152.47
18935,97656.3
14432,63808.29
12941,99353.47
5117,63315.5
17697,53423.67
14752,32640.36
17986,49477.56
5836,99154.95
17034,48467.86
4418,60059.54
8995,29338.29
8824,44225.9
15325,46227.17
19651,46946.68
14160,43206.03
11476,62580.75
305,92683.48
19071,84713.95
16561,75874.31
3819,95081.51
4084,39758.16
3274,62848.47
6937,41804.38
8631,101707.84
4707,85965.36
13400,23134.46
2691,79541.02
18726,104627.37
96,95908.17
1536,33393.41
18841,75949.03
6093,50333.56
13791,56847.84
3934,63216.03
18787,124063.67
4001,116037.16
17920,74779.21
965,144835.14
17326,53419.86
19091,45734.05
4494,43352.74
17229,101214.26
14426,44338.47
6657,54467.74
4145,56741.67
11371,50351.91
3811,100432.92
18505,43448.92
3585,59464.44
6650,92018.2
15925,72238.88
2760,77837.74
13751,52484.59
12909,50171.84
6005,87138.18
19629,69091.06
14638,30592.67
7350,81216.54
15598,45379.0
19713,77358.55
11845,91447.69
17238,77303.11
18871,59028.86
6228,68624.59
10975,84095.68
16918,43708.92
8281,69312.38
744,101327.38
16385,46253.74
2161,77201.28
9900,42764.59
4363,57623.39
8022,52738.93
15604,83364.82
8094,74832.17
11841,35444.4
3734,78710.65
17100,52154.66
6196,73532.3
10585,50917.56
19337,51961.39
13926,69310.45
13671,25339.83
17254,29450.96
591,91937.3
13568,52573.02
16084,49632.25
15405,61339.55
14480,64840.75
14895,39823.94
2218,51632.19
7196,72021.95
18580,77827.94
6034,52612.95
16186,49329.88
385,73762.51
3517,66679.31
8014,22418.77
14368,37459.11
17309,35915.04
18587,74335.72
1224,61419.85
2865,57135.79
9884,53052.62
5956,66296.08
4558,87478.33
18395,69029.98
158,61310.61
18957,70433.0
870,90364.98
285,78540.61
9882,84244.43
2074,79450.56
3410,66644.5
17375,86571.58
9504,63045.02
11735,67188.43
5804,47044.68
1892,34516.18
10187,84506.54
8166,34139.76
14759,48786.15
19096,71932.51
19248,73190.2
946,47612.41
18181,52030.73
4273,77189.9
17346,59687.12
19011,97244.11
8437,78048.67
12458,48900.92
19161,77803.71
15531,134110.09
14225,50245.81
10418,126858.65
6382,51056.48
6509,44970.96
951,66015.98
15104,49776.34
5728,116988.75
10608,85420.31
3502,103463.26
16811,49988.8
5534,95266.91
6311,73226.77
11764,78712.23
19707,100633.17
13198,60978.53
8151,62063.3
13314,90556.49
14666,82871.28
14885,47437.88
4627,68919.06
8188,57364.64
18232,66726.58
163,51036.08
9651,82441.73
9111,54229.31
7148,75457.8
14721,53416.64
14068,59294.11
17022,38921.95
431,84654.0
912,59403.05
4004,95443.33
17425,67728.98
570,50900.84
6826,31717.35
6611,59988.9
320,53177.69
199,55624.24
13001,51040.32
18765,34612.96
13681,55044.36
6140,77426.93
1240,62419.97
11571,50517.31
95,106924.02
15865,34836.99
9175,81094.04
15500,93870.84
15475,68165.03
227,73005.79
16352,110624.52
9711,73779.43
1139,99367.69
18224,74984.59
12306,49201.49
1289,45582.33
19735,83356.69
11535,57298.02
16039,71837.52
19956,52040.18
3029,122896.21
15616,39359.6
13357,61672.53
12947,36860.51
18064,92826.64
15238,40852.9
4035,95734.03
10363,37395.22
10831,58745.42
8113,68303.45
7959,64764.29
7671,38512.27
19118,51890.11
15024,58641.31
9383,62197.08
4913,32256.8
2455,64510.41
10863,97442.85
1046,48870.02
1270,54260.71
15992,66215.97
7081,69948.3
6821,60473.73
13730,52542.05
